[
  {
    "province": "กระบี่",
    "districts": [
      "คลองท่อม",
      "ปลายพระยา",
      "ลำทับ",
      "อ่าวลึก",
      "เกาะลันตา",
      "เขาพนม",
      "เมืองกระบี่",
      "เหนือคลอง"
    ]
  },
  {
    "province": "กรุงเทพมหานคร",
    "districts": [
      "เขตคลองสาน",
      "เขตคลองสามวา",
      "เขตคลองเตย",
      "เขตคันนายาว",
      "เขตจตุจักร",
      "เขตจอมทอง",
      "เขตดอนเมือง",
      "เขตดินแดง",
      "เขตดุสิต",
      "เขตตลิ่งชัน",
      "เขตทวีวัฒนา",
      "เขตทุ่งครุ",
      "เขตธนบุรี",
      "เขตบางกอกน้อย",
      "เขตบางกอกใหญ่",
      "เขตบางกะปิ",
      "เขตบางขุนเทียน",
      "เขตบางคอแหลม",
      "เขตบางซื่อ",
      "เขตบางนา",
      "เขตบางบอน",
      "เขตบางพลัด",
      "เขตบางรัก",
      "เขตบางเขน",
      "เขตบางแค",
      "เขตบึงกุ่ม",
      "เขตปทุมวัน",
      "เขตประเวศ",
      "เขตป้อมปราบศัตรูพ่าย",
      "เขตพญาไท",
      "เขตพระนคร",
      "เขตพระโขนง",
      "เขตภาษีเจริญ",
      "เขตมีนบุรี",
      "เขตยานนาวา",
      "เขตราชเทวี",
      "เขตราษฎร์บูรณะ",
      "เขตลาดกระบัง",
      "เขตลาดพร้าว",
      "เขตวังทองหลาง",
      "เขตวัฒนา",
      "เขตสวนหลวง",
      "เขตสะพานสูง",
      "เขตสัมพันธวงศ์",
      "เขตสาทร",
      "เขตสายไหม",
      "เขตหนองจอก",
      "เขตหนองแขม",
      "เขตหลักสี่",
      "เขตห้วยขวาง"
    ]
  },
  {
    "province": "กาญจนบุรี",
    "districts": [
      "ด่านมะขามเตี้ย",
      "ทองผาภูมิ",
      "ท่ามะกา",
      "ท่าม่วง",
      "บ่อพลอย",
      "พนมทวน",
      "ศรีสวัสดิ์",
      "สังขละบุรี",
      "หนองปรือ",
      "ห้วยกระเจา",
      "เมืองกาญจนบุรี",
      "เลาขวัญ",
      "ไทรโยค"
    ]
  },
  {
    "province": "กาฬสินธุ์",
    "districts": [
      "กมลาไสย",
      "กุฉินารายณ์",
      "คำม่วง",
      "ฆ้องชัย",
      "ดอนจาน",
      "ท่าคันโท",
      "นาคู",
      "นามน",
      "ยางตลาด",
      "ร่องคำ",
      "สมเด็จ",
      "สหัสขันธ์",
      "สามชัย",
      "หนองกุงศรี",
      "ห้วยผึ้ง",
      "ห้วยเม็ก",
      "เขาวง",
      "เมืองกาฬสินธุ์"
    ]
  },
  {
    "province": "กำแพงเพชร",
    "districts": [
      "ขาณุวรลักษบุรี",
      "คลองขลุง",
      "คลองลาน",
      "ทรายทองวัฒนา",
      "บึงสามัคคี",
      "ปางศิลาทอง",
      "พรานกระต่าย",
      "ลานกระบือ",
      "เมืองกำแพงเพชร",
      "โกสัมพีนคร",
      "ไทรงาม"
    ]
  },
  {
    "province": "ขอนแก่น",
    "districts": [
      "กระนวน",
      "ชนบท",
      "ชุมแพ",
      "ซำสูง",
      "น้ำพอง",
      "บ้านฝาง",
      "บ้านแฮด",
      "บ้านไผ่",
      "พระยืน",
      "พล",
      "ภูผาม่าน",
      "ภูเวียง",
      "มัญจาคีรี",
      "สีชมพู",
      "หนองนาคำ",
      "หนองสองห้อง",
      "หนองเรือ",
      "อุบลรัตน์",
      "เขาสวนกวาง",
      "เปือยน้อย",
      "เมืองขอนแก่น",
      "เวียงเก่า",
      "แวงน้อย",
      "แวงใหญ่",
      "โคกโพธิ์ไชย",
      "โนนศิลา"
    ]
  },
  {
    "province": "จันทบุรี",
    "districts": [
      "ขลุง",
      "ท่าใหม่",
      "นายายอาม",
      "มะขาม",
      "สอยดาว",
      "เขาคิชฌกูฏ",
      "เมืองจันทบุรี",
      "แก่งหางแมว",
      "แหลมสิงห์",
      "โป่งน้ำร้อน"
    ]
  },
  {
    "province": "ฉะเชิงเทรา",
    "districts": [
      "คลองเขื่อน",
      "ท่าตะเกียบ",
      "บางคล้า",
      "บางน้ำเปรี้ยว",
      "บางปะกง",
      "บ้านโพธิ์",
      "พนมสารคาม",
      "ราชสาส์น",
      "สนามชัยเขต",
      "เมืองฉะเชิงเทรา",
      "แปลงยาว"
    ]
  },
  {
    "province": "ชลบุรี",
    "districts": [
      "บางละมุง",
      "บ่อทอง",
      "บ้านบึง",
      "พนัสนิคม",
      "พานทอง",
      "ศรีราชา",
      "สัตหีบ",
      "หนองใหญ่",
      "เกาะจันทร์",
      "เกาะสีชัง",
      "เมืองชลบุรี"
    ]
  },
  {
    "province": "ชัยนาท",
    "districts": [
      "มโนรมย์",
      "วัดสิงห์",
      "สรรคบุรี",
      "สรรพยา",
      "หนองมะโมง",
      "หันคา",
      "เนินขาม",
      "เมืองชัยนาท"
    ]
  },
  {
    "province": "ชัยภูมิ",
    "districts": [
      "คอนสวรรค์",
      "คอนสาร",
      "จัตุรัส",
      "ซับใหญ่",
      "บำเหน็จณรงค์",
      "บ้านเขว้า",
      "บ้านแท่น",
      "ภักดีชุมพล",
      "ภูเขียว",
      "หนองบัวระเหว",
      "หนองบัวแดง",
      "เกษตรสมบูรณ์",
      "เทพสถิต",
      "เนินสง่า",
      "เมืองชัยภูมิ",
      "แก้งคร้อ"
    ]
  },
  {
    "province": "ชุมพร",
    "districts": [
      "ทุ่งตะโก",
      "ท่าแซะ",
      "ปะทิว",
      "พะโต๊ะ",
      "ละแม",
      "สวี",
      "หลังสวน",
      "เมืองชุมพร"
    ]
  },
  {
    "province": "ตรัง",
    "districts": [
      "กันตัง",
      "นาโยง",
      "ปะเหลียน",
      "ย่านตาขาว",
      "รัษฎา",
      "วังวิเศษ",
      "สิเกา",
      "หาดสำราญ",
      "ห้วยยอด",
      "เมืองตรัง"
    ]
  },
  {
    "province": "ตราด",
    "districts": [
      "คลองใหญ่",
      "บ่อไร่",
      "เกาะกูด",
      "เกาะช้าง",
      "เขาสมิง",
      "เมืองตราด",
      "แหลมงอบ"
    ]
  },
  {
    "province": "ตาก",
    "districts": [
      "ท่าสองยาง",
      "บ้านตาก",
      "พบพระ",
      "วังเจ้า",
      "สามเงา",
      "อุ้มผาง",
      "เมืองตาก",
      "แม่ระมาด",
      "แม่สอด"
    ]
  },
  {
    "province": "นครนายก",
    "districts": [
      "บ้านนา",
      "ปากพลี",
      "องครักษ์",
      "เมืองนครนายก"
    ]
  },
  {
    "province": "นครปฐม",
    "districts": [
      "กำแพงแสน",
      "ดอนตูม",
      "นครชัยศรี",
      "บางเลน",
      "พุทธมณฑล",
      "สามพราน",
      "เมืองนครปฐม"
    ]
  },
  {
    "province": "นครพนม",
    "districts": [
      "ท่าอุเทน",
      "ธาตุพนม",
      "นาทม",
      "นาหว้า",
      "นาแก",
      "บ้านแพง",
      "ปลาปาก",
      "วังยาง",
      "ศรีสงคราม",
      "เมืองนครพนม",
      "เรณูนคร",
      "โพนสวรรค์"
    ]
  },
  {
    "province": "นครราชสีมา",
    "districts": [
      "ขามทะเลสอ",
      "ขามสะแกแสง",
      "คง",
      "ครบุรี",
      "จักราช",
      "ชุมพวง",
      "ด่านขุนทด",
      "บัวลาย",
      "บัวใหญ่",
      "บ้านเหลื่อม",
      "ประทาย",
      "ปักธงชัย",
      "ปากช่อง",
      "พระทองคำ",
      "พิมาย",
      "ลำทะเมนชัย",
      "วังน้ำเขียว",
      "สีคิ้ว",
      "สีดา",
      "สูงเนิน",
      "หนองบุญมาก",
      "ห้วยแถลง",
      "เฉลิมพระเกียรติ",
      "เทพารักษ์",
      "เมืองนครราชสีมา",
      "เมืองยาง",
      "เสิงสาง",
      "แก้งสนามนาง",
      "โชคชัย",
      "โนนสูง",
      "โนนแดง",
      "โนนไทย"
    ]
  },
  {
    "province": "นครศรีธรรมราช",
    "districts": [
      "ขนอม",
      "จุฬาภรณ์",
      "ฉวาง",
      "ชะอวด",
      "ช้างกลาง",
      "ถ้ำพรรณรา",
      "ทุ่งสง",
      "ทุ่งใหญ่",
      "ท่าศาลา",
      "นบพิตำ",
      "นาบอน",
      "บางขัน",
      "ปากพนัง",
      "พรหมคีรี",
      "พระพรหม",
      "พิปูน",
      "ร่อนพิบูลย์",
      "ลานสกา",
      "สิชล",
      "หัวไทร",
      "เฉลิมพระเกียรติ",
      "เชียรใหญ่",
      "เมืองนครศรีธรรมราช"
    ]
  },
  {
    "province": "นครสวรรค์",
    "districts": [
      "ชุมตาบง",
      "ชุมแสง",
      "ตากฟ้า",
      "ตาคลี",
      "ท่าตะโก",
      "บรรพตพิสัย",
      "พยุหะคีรี",
      "ลาดยาว",
      "หนองบัว",
      "เก้าเลี้ยว",
      "เมืองนครสวรรค์",
      "แม่วงก์",
      "แม่เปิน",
      "โกรกพระ",
      "ไพศาลี"
    ]
  },
  {
    "province": "นนทบุรี",
    "districts": [
      "บางกรวย",
      "บางบัวทอง",
      "บางใหญ่",
      "ปากเกร็ด",
      "เมืองนนทบุรี",
      "ไทรน้อย"
    ]
  },
  {
    "province": "นราธิวาส",
    "districts": [
      "จะแนะ",
      "ตากใบ",
      "บาเจาะ",
      "ยี่งอ",
      "ระแงะ",
      "รือเสาะ",
      "ศรีสาคร",
      "สุคิริน",
      "สุไหงปาดี",
      "สุไหงโก-ลก",
      "เจาะไอร้อง",
      "เมืองนราธิวาส",
      "แว้ง"
    ]
  },
  {
    "province": "น่าน",
    "districts": [
      "ทุ่งช้าง",
      "ท่าวังผา",
      "นาน้อย",
      "นาหมื่น",
      "บ่อเกลือ",
      "บ้านหลวง",
      "ปัว",
      "ภูเพียง",
      "สองแคว",
      "สันติสุข",
      "เฉลิมพระเกียรติ",
      "เชียงกลาง",
      "เมืองน่าน",
      "เวียงสา",
      "แม่จริม"
    ]
  },
  {
    "province": "บึงกาฬ",
    "districts": [
      "บึงโขงหลง",
      "บุ่งคล้า",
      "ปากคาด",
      "พรเจริญ",
      "ศรีวิไล",
      "เซกา",
      "เมืองบึงกาฬ",
      "โซ่พิสัย"
    ]
  },
  {
    "province": "บุรีรัมย์",
    "districts": [
      "กระสัง",
      "คูเมือง",
      "ชำนิ",
      "นางรอง",
      "นาโพธิ์",
      "บ้านกรวด",
      "บ้านด่าน",
      "บ้านใหม่ไชยพจน์",
      "ประโคนชัย",
      "ปะคำ",
      "พลับพลาชัย",
      "พุทไธสง",
      "ละหานทราย",
      "ลำปลายมาศ",
      "สตึก",
      "หนองกี่",
      "หนองหงส์",
      "ห้วยราช",
      "เฉลิมพระเกียรติ",
      "เมืองบุรีรัมย์",
      "แคนดง",
      "โนนดินแดง",
      "โนนสุวรรณ"
    ]
  },
  {
    "province": "ปทุมธานี",
    "districts": [
      "คลองหลวง",
      "ธัญบุรี",
      "ลาดหลุมแก้ว",
      "ลำลูกกา",
      "สามโคก",
      "หนองเสือ",
      "เมืองปทุมธานี"
    ]
  },
  {
    "province": "ประจวบคีรีขันธ์",
    "districts": [
      "กุยบุรี",
      "ทับสะแก",
      "บางสะพาน",
      "บางสะพานน้อย",
      "ปราณบุรี",
      "สามร้อยยอด",
      "หัวหิน",
      "เมืองประจวบคีรีขันธ์"
    ]
  },
  {
    "province": "ปราจีนบุรี",
    "districts": [
      "กบินทร์บุรี",
      "นาดี",
      "บ้านสร้าง",
      "ประจันตคาม",
      "ศรีมหาโพธิ",
      "ศรีมโหสถ",
      "เมืองปราจีนบุรี"
    ]
  },
  {
    "province": "ปัตตานี",
    "districts": [
      "กะพ้อ",
      "ทุ่งยางแดง",
      "ปะนาเระ",
      "มายอ",
      "ยะรัง",
      "ยะหริ่ง",
      "สายบุรี",
      "หนองจิก",
      "เมืองปัตตานี",
      "แม่ลาน",
      "โคกโพธิ์",
      "ไม้แก่น"
    ]
  },
  {
    "province": "พระนครศรีอยุธยา",
    "districts": [
      "ท่าเรือ",
      "นครหลวง",
      "บางซ้าย",
      "บางบาล",
      "บางปะหัน",
      "บางปะอิน",
      "บางไทร",
      "บ้านแพรก",
      "ผักไห่",
      "พระนครศรีอยุธยา",
      "ภาชี",
      "มหาราช",
      "ลาดบัวหลวง",
      "วังน้อย",
      "อุทัย",
      "เสนา"
    ]
  },
  {
    "province": "พะเยา",
    "districts": [
      "จุน",
      "ดอกคำใต้",
      "ปง",
      "ภูกามยาว",
      "ภูซาง",
      "เชียงคำ",
      "เชียงม่วน",
      "เมืองพะเยา",
      "แม่ใจ"
    ]
  },
  {
    "province": "พังงา",
    "districts": [
      "กะปง",
      "คุระบุรี",
      "ตะกั่วทุ่ง",
      "ตะกั่วป่า",
      "ทับปุด",
      "ท้ายเหมือง",
      "เกาะยาว",
      "เมืองพังงา"
    ]
  },
  {
    "province": "พัทลุง",
    "districts": [
      "กงหรา",
      "ควนขนุน",
      "ตะโหมด",
      "บางแก้ว",
      "ปากพะยูน",
      "ป่าบอน",
      "ป่าพะยอม",
      "ศรีนครินทร์",
      "ศรีบรรพต",
      "เขาชัยสน",
      "เมืองพัทลุง"
    ]
  },
  {
    "province": "พิจิตร",
    "districts": [
      "ดงเจริญ",
      "ตะพานหิน",
      "ทับคล้อ",
      "บางมูลนาก",
      "บึงนาราง",
      "วชิรบารมี",
      "วังทรายพูน",
      "สากเหล็ก",
      "สามง่าม",
      "เมืองพิจิตร",
      "โพทะเล",
      "โพธิ์ประทับช้าง"
    ]
  },
  {
    "province": "พิษณุโลก",
    "districts": [
      "ชาติตระการ",
      "นครไทย",
      "บางกระทุ่ม",
      "บางระกำ",
      "พรหมพิราม",
      "วังทอง",
      "วัดโบสถ์",
      "เนินมะปราง",
      "เมืองพิษณุโลก"
    ]
  },
  {
    "province": "ภูเก็ต",
    "districts": [
      "กะทู้",
      "ถลาง",
      "เมืองภูเก็ต"
    ]
  },
  {
    "province": "มหาสารคาม",
    "districts": [
      "กันทรวิชัย",
      "กุดรัง",
      "ชื่นชม",
      "นาดูน",
      "นาเชือก",
      "บรบือ",
      "พยัคฆภูมิพิสัย",
      "ยางสีสุราช",
      "วาปีปทุม",
      "เชียงยืน",
      "เมืองมหาสารคาม",
      "แกดำ",
      "โกสุมพิสัย"
    ]
  },
  {
    "province": "มุกดาหาร",
    "districts": [
      "คำชะอี",
      "ดงหลวง",
      "ดอนตาล",
      "นิคมคำสร้อย",
      "หนองสูง",
      "หว้านใหญ่",
      "เมืองมุกดาหาร"
    ]
  },
  {
    "province": "ยะลา",
    "districts": [
      "กรงปินัง",
      "กาบัง",
      "ธารโต",
      "บันนังสตา",
      "ยะหา",
      "รามัน",
      "เบตง",
      "เมืองยะลา"
    ]
  },
  {
    "province": "ยโสธร",
    "districts": [
      "กุดชุม",
      "คำเขื่อนแก้ว",
      "ค้อวัง",
      "ทรายมูล",
      "ป่าติ้ว",
      "มหาชนะชัย",
      "เมืองยโสธร",
      "เลิงนกทา",
      "ไทยเจริญ"
    ]
  },
  {
    "province": "ระนอง",
    "districts": [
      "กระบุรี",
      "กะเปอร์",
      "ละอุ่น",
      "สุขสำราญ",
      "เมืองระนอง"
    ]
  },
  {
    "province": "ระยอง",
    "districts": [
      "นิคมพัฒนา",
      "บ้านค่าย",
      "บ้านฉาง",
      "ปลวกแดง",
      "วังจันทร์",
      "เขาชะเมา",
      "เมืองระยอง",
      "แกลง"
    ]
  },
  {
    "province": "ราชบุรี",
    "districts": [
      "จอมบึง",
      "ดำเนินสะดวก",
      "ท้องถิ่นเทศบาลตำบลบ้านฆ้อง",
      "บางแพ",
      "บ้านคา",
      "บ้านโป่ง",
      "ปากท่อ",
      "วัดเพลง",
      "สวนผึ้ง",
      "เมืองราชบุรี",
      "โพธาราม"
    ]
  },
  {
    "province": "ร้อยเอ็ด",
    "districts": [
      "จตุรพักตรพิมาน",
      "จังหาร",
      "ทุ่งเขาหลวง",
      "ธวัชบุรี",
      "ปทุมรัตต์",
      "พนมไพร",
      "ศรีสมเด็จ",
      "สุวรรณภูมิ",
      "หนองพอก",
      "หนองฮี",
      "อาจสามารถ",
      "เกษตรวิสัย",
      "เชียงขวัญ",
      "เมยวดี",
      "เมืองร้อยเอ็ด",
      "เมืองสรวง",
      "เสลภูมิ",
      "โพธิ์ชัย",
      "โพนทราย",
      "โพนทอง"
    ]
  },
  {
    "province": "ลพบุรี",
    "districts": [
      "ชัยบาดาล",
      "ท่าวุ้ง",
      "ท่าหลวง",
      "บ้านหมี่",
      "พัฒนานิคม",
      "ลำสนธิ",
      "สระโบสถ์",
      "หนองม่วง",
      "เมืองลพบุรี",
      "โคกสำโรง",
      "โคกเจริญ"
    ]
  },
  {
    "province": "ลำปาง",
    "districts": [
      "งาว",
      "วังเหนือ",
      "สบปราบ",
      "ห้างฉัตร",
      "เกาะคา",
      "เถิน",
      "เมืองปาน",
      "เมืองลำปาง",
      "เสริมงาม",
      "แจ้ห่ม",
      "แม่ทะ",
      "แม่พริก",
      "แม่เมาะ"
    ]
  },
  {
    "province": "ลำพูน",
    "districts": [
      "ทุ่งหัวช้าง",
      "บ้านธิ",
      "บ้านโฮ่ง",
      "ป่าซาง",
      "ลี้",
      "เมืองลำพูน",
      "เวียงหนองล่อง",
      "แม่ทา"
    ]
  },
  {
    "province": "ศรีสะเกษ",
    "districts": [
      "กันทรลักษ์",
      "กันทรารมย์",
      "ขุขันธ์",
      "ขุนหาญ",
      "น้ำเกลี้ยง",
      "บึงบูรพ์",
      "ปรางค์กู่",
      "พยุห์",
      "ภูสิงห์",
      "ยางชุมน้อย",
      "ราษีไศล",
      "วังหิน",
      "ศรีรัตนะ",
      "ศิลาลาด",
      "ห้วยทับทัน",
      "อุทุมพรพิสัย",
      "เบญจลักษ์",
      "เมืองจันทร์",
      "เมืองศรีสะเกษ",
      "โนนคูณ",
      "โพธิ์ศรีสุวรรณ",
      "ไพรบึง"
    ]
  },
  {
    "province": "สกลนคร",
    "districts": [
      "กุดบาก",
      "กุสุมาลย์",
      "คำตากล้า",
      "นิคมน้ำอูน",
      "บ้านม่วง",
      "พรรณานิคม",
      "พังโคน",
      "ภูพาน",
      "วานรนิวาส",
      "วาริชภูมิ",
      "สว่างแดนดิน",
      "ส่องดาว",
      "อากาศอำนวย",
      "เจริญศิลป์",
      "เต่างอย",
      "เมืองสกลนคร",
      "โคกศรีสุพรรณ",
      "โพนนาแก้ว"
    ]
  },
  {
    "province": "สงขลา",
    "districts": [
      "กระแสสินธุ์",
      "คลองหอยโข่ง",
      "ควนเนียง",
      "จะนะ",
      "ท้องถิ่นเทศบาลตำบลสำนักขาม",
      "นาทวี",
      "นาหม่อม",
      "บางกล่ำ",
      "ระโนด",
      "รัตภูมิ",
      "สทิงพระ",
      "สะบ้าย้อย",
      "สะเดา",
      "สิงหนคร",
      "หาดใหญ่",
      "เทพา",
      "เมืองสงขลา"
    ]
  },
  {
    "province": "สตูล",
    "districts": [
      "ควนกาหลง",
      "ควนโดน",
      "ทุ่งหว้า",
      "ท่าแพ",
      "มะนัง",
      "ละงู",
      "เมืองสตูล"
    ]
  },
  {
    "province": "สมุทรปราการ",
    "districts": [
      "บางบ่อ",
      "บางพลี",
      "บางเสาธง",
      "พระประแดง",
      "พระสมุทรเจดีย์",
      "เมืองสมุทรปราการ"
    ]
  },
  {
    "province": "สมุทรสงคราม",
    "districts": [
      "บางคนที",
      "อัมพวา",
      "เมืองสมุทรสงคราม"
    ]
  },
  {
    "province": "สมุทรสาคร",
    "districts": [
      "กระทุ่มแบน",
      "บ้านแพ้ว",
      "เมืองสมุทรสาคร"
    ]
  },
  {
    "province": "สระบุรี",
    "districts": [
      "ดอนพุด",
      "บ้านหมอ",
      "พระพุทธบาท",
      "มวกเหล็ก",
      "วังม่วง",
      "วิหารแดง",
      "หนองแค",
      "หนองแซง",
      "หนองโดน",
      "เฉลิมพระเกียรติ",
      "เมืองสระบุรี",
      "เสาไห้",
      "แก่งคอย"
    ]
  },
  {
    "province": "สระแก้ว",
    "districts": [
      "คลองหาด",
      "ตาพระยา",
      "วังน้ำเย็น",
      "วังสมบูรณ์",
      "วัฒนานคร",
      "อรัญประเทศ",
      "เขาฉกรรจ์",
      "เมืองสระแก้ว",
      "โคกสูง"
    ]
  },
  {
    "province": "สิงห์บุรี",
    "districts": [
      "ค่ายบางระจัน",
      "ท่าช้าง",
      "บางระจัน",
      "พรหมบุรี",
      "อินทร์บุรี",
      "เมืองสิงห์บุรี"
    ]
  },
  {
    "province": "สุพรรณบุรี",
    "districts": [
      "ดอนเจดีย์",
      "ด่านช้าง",
      "บางปลาม้า",
      "ศรีประจันต์",
      "สองพี่น้อง",
      "สามชุก",
      "หนองหญ้าไซ",
      "อู่ทอง",
      "เดิมบางนางบวช",
      "เมืองสุพรรณบุรี"
    ]
  },
  {
    "province": "สุราษฎร์ธานี",
    "districts": [
      "กาญจนดิษฐ์",
      "คีรีรัฐนิคม",
      "ชัยบุรี",
      "ดอนสัก",
      "ท่าฉาง",
      "ท่าชนะ",
      "บ้านตาขุน",
      "บ้านนาสาร",
      "บ้านนาเดิม",
      "พนม",
      "พระแสง",
      "พุนพิน",
      "วิภาวดี",
      "เกาะพะงัน",
      "เกาะสมุย",
      "เคียนซา",
      "เมืองสุราษฎร์ธานี",
      "เวียงสระ",
      "ไชยา"
    ]
  },
  {
    "province": "สุรินทร์",
    "districts": [
      "กาบเชิง",
      "จอมพระ",
      "ชุมพลบุรี",
      "ท่าตูม",
      "บัวเชด",
      "ปราสาท",
      "พนมดงรัก",
      "รัตนบุรี",
      "ลำดวน",
      "ศรีณรงค์",
      "ศีขรภูมิ",
      "สนม",
      "สังขะ",
      "สำโรงทาบ",
      "เขวาสินรินทร์",
      "เมืองสุรินทร์",
      "โนนนารายณ์"
    ]
  },
  {
    "province": "สุโขทัย",
    "districts": [
      "กงไกรลาศ",
      "คีรีมาศ",
      "ทุ่งเสลี่ยม",
      "บ้านด่านลานหอย",
      "ศรีนคร",
      "ศรีสัชนาลัย",
      "ศรีสำโรง",
      "สวรรคโลก",
      "เมืองสุโขทัย"
    ]
  },
  {
    "province": "หนองคาย",
    "districts": [
      "ท่าบ่อ",
      "รัตนวาปี",
      "ศรีเชียงใหม่",
      "สระใคร",
      "สังคม",
      "เฝ้าไร่",
      "เมืองหนองคาย",
      "โพธิ์ตาก",
      "โพนพิสัย"
    ]
  },
  {
    "province": "หนองบัวลำภู",
    "districts": [
      "นากลาง",
      "นาวัง",
      "ศรีบุญเรือง",
      "สุวรรณคูหา",
      "เมืองหนองบัวลำภู",
      "โนนสัง"
    ]
  },
  {
    "province": "อำนาจเจริญ",
    "districts": [
      "ชานุมาน",
      "ปทุมราชวงศา",
      "พนา",
      "ลืออำนาจ",
      "หัวตะพาน",
      "เมืองอำนาจเจริญ",
      "เสนางคนิคม"
    ]
  },
  {
    "province": "อุดรธานี",
    "districts": [
      "กุดจับ",
      "กุมภวาปี",
      "กู่แก้ว",
      "ทุ่งฝน",
      "นายูง",
      "น้ำโสม",
      "บ้านดุง",
      "บ้านผือ",
      "ประจักษ์ศิลปาคม",
      "พิบูลย์รักษ์",
      "วังสามหมอ",
      "ศรีธาตุ",
      "สร้างคอม",
      "หนองวัวซอ",
      "หนองหาน",
      "หนองแสง",
      "เพ็ญ",
      "เมืองอุดรธานี",
      "โนนสะอาด",
      "ไชยวาน"
    ]
  },
  {
    "province": "อุตรดิตถ์",
    "districts": [
      "ตรอน",
      "ทองแสนขัน",
      "ท่าปลา",
      "น้ำปาด",
      "บ้านโคก",
      "พิชัย",
      "ฟากท่า",
      "ลับแล",
      "เมืองอุตรดิตถ์"
    ]
  },
  {
    "province": "อุทัยธานี",
    "districts": [
      "ทัพทัน",
      "บ้านไร่",
      "ลานสัก",
      "สว่างอารมณ์",
      "หนองขาหย่าง",
      "หนองฉาง",
      "ห้วยคต",
      "เมืองอุทัยธานี"
    ]
  },
  {
    "province": "อุบลราชธานี",
    "districts": [
      "กุดข้าวปุ้น",
      "ดอนมดแดง",
      "ตระการพืชผล",
      "ตาลสุม",
      "ทุ่งศรีอุดม",
      "นาจะหลวย",
      "นาตาล",
      "นาเยีย",
      "น้ำขุ่น",
      "น้ำยืน",
      "บุณฑริก",
      "พิบูลมังสาหาร",
      "ม่วงสามสิบ",
      "วารินชำราบ",
      "ศรีเมืองใหม่",
      "สว่างวีระวงศ์",
      "สำโรง",
      "สิรินธร",
      "เขมราฐ",
      "เขื่องใน",
      "เดชอุดม",
      "เมืองอุบลราชธานี",
      "เหล่าเสือโก้ก",
      "โขงเจียม",
      "โพธิ์ไทร"
    ]
  },
  {
    "province": "อ่างทอง",
    "districts": [
      "ป่าโมก",
      "วิเศษชัยชาญ",
      "สามโก้",
      "เมืองอ่างทอง",
      "แสวงหา",
      "โพธิ์ทอง",
      "ไชโย"
    ]
  },
  {
    "province": "เชียงราย",
    "districts": [
      "ขุนตาล",
      "ดอยหลวง",
      "ป่าแดด",
      "พญาเม็งราย",
      "พาน",
      "เชียงของ",
      "เชียงแสน",
      "เทิง",
      "เมืองเชียงราย",
      "เวียงชัย",
      "เวียงป่าเป้า",
      "เวียงเชียงรุ้ง",
      "เวียงแก่น",
      "แม่จัน",
      "แม่ฟ้าหลวง",
      "แม่ลาว",
      "แม่สรวย",
      "แม่สาย"
    ]
  },
  {
    "province": "เชียงใหม่",
    "districts": [
      "กัลยาณิวัฒนา",
      "จอมทอง",
      "ดอยสะเก็ด",
      "ดอยหล่อ",
      "ดอยเต่า",
      "ฝาง",
      "พร้าว",
      "สะเมิง",
      "สันกำแพง",
      "สันทราย",
      "สันป่าตอง",
      "สารภี",
      "หางดง",
      "อมก๋อย",
      "ฮอด",
      "เชียงดาว",
      "เมืองเชียงใหม่",
      "เวียงแหง",
      "แม่ริม",
      "แม่วาง",
      "แม่ออน",
      "แม่อาย",
      "แม่แจ่ม",
      "แม่แตง",
      "ไชยปราการ"
    ]
  },
  {
    "province": "เพชรบุรี",
    "districts": [
      "ชะอำ",
      "ท่ายาง",
      "บ้านลาด",
      "บ้านแหลม",
      "หนองหญ้าปล้อง",
      "เขาย้อย",
      "เมืองเพชรบุรี",
      "แก่งกระจาน"
    ]
  },
  {
    "province": "เพชรบูรณ์",
    "districts": [
      "ชนแดน",
      "น้ำหนาว",
      "บึงสามพัน",
      "วังโป่ง",
      "วิเชียรบุรี",
      "ศรีเทพ",
      "หนองไผ่",
      "หล่มสัก",
      "หล่มเก่า",
      "เขาค้อ",
      "เมืองเพชรบูรณ์"
    ]
  },
  {
    "province": "เลย",
    "districts": [
      "ด่านซ้าย",
      "ท่าลี่",
      "นาด้วง",
      "นาแห้ว",
      "ปากชม",
      "ผาขาว",
      "ภูกระดึง",
      "ภูหลวง",
      "ภูเรือ",
      "วังสะพุง",
      "หนองหิน",
      "เชียงคาน",
      "เมืองเลย",
      "เอราวัณ"
    ]
  },
  {
    "province": "แพร่",
    "districts": [
      "ร้องกวาง",
      "ลอง",
      "วังชิ้น",
      "สอง",
      "สูงเม่น",
      "หนองม่วงไข่",
      "เด่นชัย",
      "เมืองแพร่"
    ]
  },
  {
    "province": "แม่ฮ่องสอน",
    "districts": [
      "ขุนยวม",
      "ปางมะผ้า",
      "ปาย",
      "สบเมย",
      "เมืองแม่ฮ่องสอน",
      "แม่ลาน้อย",
      "แม่สะเรียง"
    ]
  }
]